Price,Brand,Model,Link
42,Akasa,AK-CC7139HP01,https://amazon.com/dp/B084HBKMW1?tag=pcbuilder00-20
119.32,Akasa,Venom Medusa,https://amazon.com/dp/B00BQ8A6HW?tag=pcbuilder00-20
59.34,Alpenfohn,84000000156,https://amazon.com/dp/B07JN8VDZ5?tag=pcbuilder00-20
78.79,Alpenfohn,84000000183,https://amazon.com/dp/B09H78DVCB?tag=pcbuilder00-20
215.69,Alpenfohn,84000000178,https://amazon.com/dp/B08L6QP9PC?tag=pcbuilder00-20
257.99,Alpenfohn,84000000195,https://amazon.com/dp/B092JLBXZJ?tag=pcbuilder00-20
115.52,Alphacool,11445,https://amazon.com/dp/B072HMR92X?tag=pcbuilder00-20
120.78,Alphacool,Eisbaer 240,https://amazon.com/dp/B01HQ6DB4W?tag=pcbuilder00-20
126.02,Alphacool,11446,https://amazon.com/dp/B072P68ZD9?tag=pcbuilder00-20
131.29,Alphacool,Eisbaer,https://amazon.com/dp/B01HQ6DE4O?tag=pcbuilder00-20
143.89,Alphacool,Eisbaer 360,https://amazon.com/dp/B01HQ6DCHI?tag=pcbuilder00-20
147.04,Alphacool,Eisbaer Aurora 240,https://amazon.com/dp/B084VHMDHZ?tag=pcbuilder00-20
157.54,Alphacool,Eisbaer Aurora 280,https://amazon.com/dp/B0851PL35Y?tag=pcbuilder00-20
168.05,Alphacool,11390 Eisbaer,https://amazon.com/dp/B01MQ0S3AU?tag=pcbuilder00-20
174.15,Alphacool,11772,https://amazon.com/dp/B097L5813Z?tag=pcbuilder00-20
178.55,Alphacool,Eisbaer Aurora 360,https://amazon.com/dp/B084TP36T8?tag=pcbuilder00-20
188,Alphacool,11773,https://amazon.com/dp/B09JWTCNN8?tag=pcbuilder00-20
199.56,Alphacool,Eisbaer Aurora 420,https://amazon.com/dp/B084TPCQ81?tag=pcbuilder00-20
205.95,Alphacool,11771,https://amazon.com/dp/B097MXQV5M?tag=pcbuilder00-20
220.45,Alphacool,11774,https://amazon.com/dp/B09CD3JQ5Q?tag=pcbuilder00-20
247.9,Alphacool,11594,https://amazon.com/dp/B07BZ3J554?tag=pcbuilder00-20
35.99,ALSEYE,W90,https://amazon.com/dp/B0BNKZ1QKM?tag=pcbuilder00-20
18.99,Antec,A30,https://amazon.com/dp/B01HLAHDWE?tag=pcbuilder00-20
20.07,Antec,C400,https://amazon.com/dp/B01KMN6QMU?tag=pcbuilder00-20
27.99,Antec,A40PRO,https://amazon.com/dp/B01HLAB80C?tag=pcbuilder00-20
58.99,Antec,KUHLER 1250,https://amazon.com/dp/B00F2WOQHY?tag=pcbuilder00-20
124.08,Antec,Neptune 240 ARGB,https://amazon.com/dp/B081YY83CS?tag=pcbuilder00-20
10.94,ARCTIC,Alpine 12 LP,https://amazon.com/dp/B07HJ3DWQ2?tag=pcbuilder00-20
11.99,ARCTIC,ACALP00040A,https://amazon.com/dp/B09SHV7LZ3?tag=pcbuilder00-20
11.99,ARCTIC,Alpine 23,https://amazon.com/dp/B08PZGM4TW?tag=pcbuilder00-20
12.99,ARCTIC,Alpine 17 CO,https://amazon.com/dp/B09SHW7N48?tag=pcbuilder00-20
12.99,ARCTIC,Alpine 23,https://amazon.com/dp/B08QNBBVH5?tag=pcbuilder00-20
24.99,ARCTIC,Alpine AM4,https://amazon.com/dp/B07L5G3M2Z?tag=pcbuilder00-20
25.22,ARCTIC,Freezer 7 X CO,https://amazon.com/dp/B085RWK2Z6?tag=pcbuilder00-20
25.99,ARCTIC,Freezer 7 X,https://amazon.com/dp/B084P82HRY?tag=pcbuilder00-20
27.99,ARCTIC,Freezer A13,https://amazon.com/dp/B089NY81HT?tag=pcbuilder00-20
29.99,ARCTIC,Freezer i13 X,https://amazon.com/dp/B089NY29SY?tag=pcbuilder00-20
32.95,ARCTIC,Freezer 34,https://amazon.com/dp/B07LGSDQC2?tag=pcbuilder00-20
34.64,ARCTIC,Freezer i13 X,https://amazon.com/dp/B08C7KRH4J?tag=pcbuilder00-20
34.99,ARCTIC,ACFRE00052A,https://amazon.com/dp/B07L9T4YC2?tag=pcbuilder00-20
39.99,ARCTIC,Freezer 34 eSports,https://amazon.com/dp/B07MQ9MQ5M?tag=pcbuilder00-20
39.99,ARCTIC,Freezer 34,https://amazon.com/dp/B07MJGN15G?tag=pcbuilder00-20
39.99,ARCTIC,ACFRE00057A,https://amazon.com/dp/B07MC8BLC3?tag=pcbuilder00-20
46.99,ARCTIC,Freezer A35 A-RGB,https://amazon.com/dp/B09JM7W76Z?tag=pcbuilder00-20
47,ARCTIC,Freezer i35 A-RGB,https://amazon.com/dp/B09JM64XTQ?tag=pcbuilder00-20
49.94,ARCTIC,Freezer 34 eSports DUO,https://amazon.com/dp/B07MC8CRVZ?tag=pcbuilder00-20
52.79,ARCTIC,Freezer 34 eSports DUO,https://amazon.com/dp/B07MJGNJB3?tag=pcbuilder00-20
52.99,ARCTIC,Freezer 34 Esports Duo,https://amazon.com/dp/B0846LPTLD?tag=pcbuilder00-20
56.08,ARCTIC,Freezer 34 eSports DUO,https://amazon.com/dp/B0846LXCJ6?tag=pcbuilder00-20
64.99,ARCTIC,Freezer 50 TR,https://amazon.com/dp/B07YCLY9YN?tag=pcbuilder00-20
69.03,ARCTIC,Freezer 50,https://amazon.com/dp/B08HZ6PC1Q?tag=pcbuilder00-20
70.56,ARCTIC,Freezer 50,https://amazon.com/dp/B08J87T6W4?tag=pcbuilder00-20
88.25,ARCTIC,Liquid Freezer II,https://amazon.com/dp/B07WRCY747?tag=pcbuilder00-20
97.97,ARCTIC,Liquid Freezer II,https://amazon.com/dp/B07WSDLRVP?tag=pcbuilder00-20
107.25,ARCTIC,Liquid Freezer II,https://amazon.com/dp/B08WRJ5MQW?tag=pcbuilder00-20
109.99,ARCTIC,Liquid Freezer II,https://amazon.com/dp/B07WP6M7P7?tag=pcbuilder00-20
109.99,ARCTIC,Liquid Freezer II,https://amazon.com/dp/B08WR9SFTD?tag=pcbuilder00-20
119.98,ARCTIC,Liquid Freezer II 280,https://amazon.com/dp/B09BNJB2FP?tag=pcbuilder00-20
124.97,ARCTIC,Liquid Freezer II,https://amazon.com/dp/B099RSPC2H?tag=pcbuilder00-20
128.99,ARCTIC,Liquid Freezer II 280,https://amazon.com/dp/B099RTZX79?tag=pcbuilder00-20
129.99,ARCTIC,ACFRE00068B,https://amazon.com/dp/B07WNJCVNW?tag=pcbuilder00-20
144.83,ARCTIC,Liquid Freezer II 360,https://amazon.com/dp/B08WRWNNZ9?tag=pcbuilder00-20
144.99,ARCTIC,Liquid Freezer II 420,https://amazon.com/dp/B09BNJWZGT?tag=pcbuilder00-20
147.95,ARCTIC,Liquid Freezer II,https://amazon.com/dp/B08HLPFXWM?tag=pcbuilder00-20
153.98,ARCTIC,Liquid Freezer II 420,https://amazon.com/dp/B09CKW8LJ6?tag=pcbuilder00-20
155.99,ARCTIC,Liquid Freezer II,https://amazon.com/dp/B08WRJDQZC?tag=pcbuilder00-20
164.99,ARCTIC,Liquid Freezer II,https://amazon.com/dp/B09CKMBZBN?tag=pcbuilder00-20
79.99,ASUS,ROG RYUO 120,https://amazon.com/dp/B07H2MHYY5?tag=pcbuilder00-20
119.99,ASUS,TUF Gaming LC 240 ARGB,https://amazon.com/dp/B09KT32RWD?tag=pcbuilder00-20
119.99,ASUS,ROG Strix LC II 240,https://amazon.com/dp/B09KSWJPGJ?tag=pcbuilder00-20
126.04,ASUS,TUF GAMING LC 240 RGB,https://amazon.com/dp/B08DJ4RWD4?tag=pcbuilder00-20
128.29,ASUS,90RC0051-M0UAY0,https://amazon.com/dp/B07W7BSJK6?tag=pcbuilder00-20
139.99,ASUS,ROG STRIX LC II 280 ARGB,https://amazon.com/dp/B0966YTZDQ?tag=pcbuilder00-20
149,ASUS,ROG Strix LC 240 RGB,https://amazon.com/dp/B088PDHH5W?tag=pcbuilder00-20
159.99,ASUS,ROG Strix LC II,https://amazon.com/dp/B09KT2K56B?tag=pcbuilder00-20
164.99,ASUS,ROG Strix LC 240,https://amazon.com/dp/B07S7YK51M?tag=pcbuilder00-20
172.38,ASUS,ROG STRIX LC II 240 ARGB WE,https://amazon.com/dp/B0B16YGZKM?tag=pcbuilder00-20
177.13,ASUS,ROG STRIX LC 120 RGB,https://amazon.com/dp/B07S39QVPT?tag=pcbuilder00-20
189.99,ASUS,ROG STRIX LC II 360 ARGB WE,https://amazon.com/dp/B0B179R3LS?tag=pcbuilder00-20
197.99,ASUS,ROGSTRIXLCII360,https://amazon.com/dp/B09KT32838?tag=pcbuilder00-20
199,ASUS,ROG RYUO 240 RGB,https://amazon.com/dp/B07H2LGDBT?tag=pcbuilder00-20
209.99,ASUS,ROG RYUO III 240 ARGB,https://amazon.com/dp/B0BTRXVCRV?tag=pcbuilder00-20
210.64,ASUS,ROG Strix LC 360,https://amazon.com/dp/B07W43FGQ7?tag=pcbuilder00-20
219.74,ASUS,ROG Ryujin 240,https://amazon.com/dp/B07J59JW35?tag=pcbuilder00-20
220.4,ASUS,ROG Strix LC II 360 ARGB,https://amazon.com/dp/B09KSX6ZFQ?tag=pcbuilder00-20
233.52,ASUS,ROG RYUJIN II 240 ARGB,https://amazon.com/dp/B0B7CCZ5R3?tag=pcbuilder00-20
254.01,ASUS,ROG Ryujin II 240 RGB,https://amazon.com/dp/B09KSVR9CJ?tag=pcbuilder00-20
280.14,ASUS,ROG RYUO III 360 ARGB,https://amazon.com/dp/B0BTRSFGX8?tag=pcbuilder00-20
309.99,ASUS,ROGRYUJINII360,https://amazon.com/dp/B09KT5WKPZ?tag=pcbuilder00-20
339.99,ASUS,ROG STRIX LC 360 RGB White,https://amazon.com/dp/B088PDQMPK?tag=pcbuilder00-20
349.99,ASUS,ROG RYUJIN 360,https://amazon.com/dp/B07JHX169J?tag=pcbuilder00-20
454.98,ASUS,ROG RYUJIN II 360 ARGB,https://amazon.com/dp/B0B7CGHTHQ?tag=pcbuilder00-20
325,AZZA,LCAZ-240R-ARGB SP,https://amazon.com/dp/B09TPSRHRS?tag=pcbuilder00-20
26.9,be quiet!,BK030,https://amazon.com/dp/B08YRN1621?tag=pcbuilder00-20
39.89,be quiet!,Pure Rock 2,https://amazon.com/dp/B087VM7HT2?tag=pcbuilder00-20
44.9,be quiet!,Pure Rock 2,https://amazon.com/dp/B087VL2Z21?tag=pcbuilder00-20
47.9,be quiet!,Shadow Rock Slim 2,https://amazon.com/dp/B09B7JXQS8?tag=pcbuilder00-20
49.9,be quiet!,BK034,https://amazon.com/dp/B0BNYVJNL9?tag=pcbuilder00-20
49.9,be quiet!,Shadow Rock 3,https://amazon.com/dp/B084XYKDF4?tag=pcbuilder00-20
49.9,be quiet!,Shadow Rock LP,https://amazon.com/dp/B00VGDN6F6?tag=pcbuilder00-20
52.9,be quiet!,BK033,https://amazon.com/dp/B0B7NVZFDM?tag=pcbuilder00-20
57.5,be quiet!,Shadow Rock Slim,https://amazon.com/dp/B00HPXZF2I?tag=pcbuilder00-20
59.9,be quiet!,Dark Rock Slim,https://amazon.com/dp/B07R5TQQMR?tag=pcbuilder00-20
59.9,be quiet!,Shadow Rock TF 2,https://amazon.com/dp/B0723BLJBZ?tag=pcbuilder00-20
59.9,be quiet!,Shadow Rock 3,https://amazon.com/dp/B08L9QZXSY?tag=pcbuilder00-20
65,be quiet!,Dark Rock 4,https://amazon.com/dp/B07BYP9S95?tag=pcbuilder00-20
85.9,be quiet!,Dark Rock TF,https://amazon.com/dp/B09BCWPG1S?tag=pcbuilder00-20
89.9,be quiet!,Dark Rock Pro 4,https://amazon.com/dp/B07BY6F8D9?tag=pcbuilder00-20
89.9,be quiet!,Dark Rock Pro TR4,https://amazon.com/dp/B07J589GHF?tag=pcbuilder00-20
89.9,be quiet!,Pure Loop,https://amazon.com/dp/B08K3PLQJC?tag=pcbuilder00-20
94.9,be quiet!,BW006,https://amazon.com/dp/B08K3R64L5?tag=pcbuilder00-20
104.9,be quiet!,BW007,https://amazon.com/dp/B08K3NHL5Q?tag=pcbuilder00-20
109,be quiet!,T380470,https://amazon.com/dp/B00DQCOJUQ?tag=pcbuilder00-20
117.35,be quiet!,Silent Loop 2,https://amazon.com/dp/B091CGR23Y?tag=pcbuilder00-20
129.9,be quiet!,Pure Loop 2 FX,https://amazon.com/dp/B0B7NSKYTZ?tag=pcbuilder00-20
140.46,be quiet!,BW008,https://amazon.com/dp/B08K3P1KRY?tag=pcbuilder00-20
14.21,Cooler Master,Hyper T20,https://amazon.com/dp/B07X8TXG7T?tag=pcbuilder00-20
14.99,Cooler Master,i30,https://amazon.com/dp/B07QQXCVVR?tag=pcbuilder00-20
17.99,Cooler Master,A71C,https://amazon.com/dp/B081W9NRLG?tag=pcbuilder00-20
20.99,Cooler Master,DP6 9EDSA,https://amazon.com/dp/B003H5BPCM?tag=pcbuilder00-20
21.99,Cooler Master,Master I70C,https://amazon.com/dp/B07Q8T2BQT?tag=pcbuilder00-20
23.99,Cooler Master,DK9-7G52A-0L-GP,https://amazon.com/dp/B004X5TGO4?tag=pcbuilder00-20
24.99,Cooler Master,DK9-7E52A-0L-GP,https://amazon.com/dp/B003ICXAQS?tag=pcbuilder00-20
24.99,Cooler Master,CHD-00008-01-GP,https://amazon.com/dp/B004LA84IK?tag=pcbuilder00-20
26.33,Cooler Master,Hyper H411R,https://amazon.com/dp/B07842F3HD?tag=pcbuilder00-20
26.59,Cooler Master,RR-LEE-L911-GP,https://amazon.com/dp/B00103KTU2?tag=pcbuilder00-20
32.99,Cooler Master,Hyper H412R,https://amazon.com/dp/B076MQBZ2L?tag=pcbuilder00-20
34.99,Cooler Master,Hyper 212 Black Edition,https://amazon.com/dp/B09KX9V4CT?tag=pcbuilder00-20
38.64,Cooler Master,126799,https://amazon.com/dp/B005HIRDUA?tag=pcbuilder00-20
39.99,Cooler Master,Hyper 212,https://amazon.com/dp/B09KYC4Z98?tag=pcbuilder00-20
39.99,Cooler Master,RR-2V2E-18PK-R2,https://amazon.com/dp/B09KYDY9HB?tag=pcbuilder00-20
39.99,Cooler Master,Hyper T2,https://amazon.com/dp/B00K7809O2?tag=pcbuilder00-20
42.5,Cooler Master,MasterAIR G200P,https://amazon.com/dp/B082WZDY8B?tag=pcbuilder00-20
42.99,Cooler Master,Hyper 212 EVO,https://amazon.com/dp/B005O65JXI?tag=pcbuilder00-20
48,Cooler Master,Hyper 212,https://amazon.com/dp/B01KBXKP8W?tag=pcbuilder00-20
48.9,Cooler Master,RR-S4KK-20PA-R1,https://amazon.com/dp/B0BRBWL38D?tag=pcbuilder00-20
48.9,Cooler Master,RR-S4WW-20PA-R1,https://amazon.com/dp/B0BRBWBXFB?tag=pcbuilder00-20
55.05,Cooler Master,MasterAir G100M RGB,https://amazon.com/dp/B079K11GNB?tag=pcbuilder00-20
59.99,Cooler Master,MasterLiquid ML280,https://amazon.com/dp/B08BV2RHZW?tag=pcbuilder00-20
71.99,Cooler Master,Hyper 212 LED Turbo,https://amazon.com/dp/B06VWX2QLT?tag=pcbuilder00-20
72.99,Cooler Master,MasterLiquid ML120L RGB V2,https://amazon.com/dp/B086C1PK2Y?tag=pcbuilder00-20
74.99,Cooler Master,Hyper 212 Plus,https://amazon.com/dp/B002G1YPH0?tag=pcbuilder00-20
77.81,Cooler Master,RR-212L-16PW-R1,https://amazon.com/dp/B07YFVVQ7B?tag=pcbuilder00-20
78.24,Cooler Master,MasterAir MA410M,https://amazon.com/dp/B07CPYM6NR?tag=pcbuilder00-20
79.47,Cooler Master,Hyper 212X,https://amazon.com/dp/B01IBSR18G?tag=pcbuilder00-20
79.99,Cooler Master,Wraith Ripper,https://amazon.com/dp/B07H9JLKCR?tag=pcbuilder00-20
81.13,Cooler Master,MasterLiquid Lite 120,https://amazon.com/dp/B06WRRDS73?tag=pcbuilder00-20
83.29,Cooler Master,MasterLiquid ML240L V2,https://amazon.com/dp/B08X51PYY5?tag=pcbuilder00-20
86.87,Cooler Master,MasterLiquid ML240L RGB,https://amazon.com/dp/B086BYYFG5?tag=pcbuilder00-20
88.99,Cooler Master,MLW-D24M-A18PA-R2,https://amazon.com/dp/B08LMRRX3W?tag=pcbuilder00-20
92.99,Cooler Master,MasterAir MA610P,https://amazon.com/dp/B076KNKR73?tag=pcbuilder00-20
95,Cooler Master,RR-212X-17PK-R1,https://amazon.com/dp/B01ARGVNV6?tag=pcbuilder00-20
97.99,Cooler Master,Hyper 212 RGB,https://amazon.com/dp/B07H22TC1N?tag=pcbuilder00-20
99.99,Cooler Master,MasterLiquid ML240L RGB,https://amazon.com/dp/B075YPG52N?tag=pcbuilder00-20
109.99,Cooler Master,MASTERAIR MA620M,https://amazon.com/dp/B07YLKPWL5?tag=pcbuilder00-20
112.51,Cooler Master,MLY-D36M-A23PZ-RW,https://amazon.com/dp/B08LM9B3QR?tag=pcbuilder00-20
119.18,Cooler Master,MasterAir MA621P RGB,https://amazon.com/dp/B079W7ZN4W?tag=pcbuilder00-20
119.99,Cooler Master,MasterAir MA624,https://amazon.com/dp/B08XLMD79G?tag=pcbuilder00-20
123.38,Cooler Master,MasterLiquid ML360,https://amazon.com/dp/B08YKC7BFN?tag=pcbuilder00-20
126.99,Cooler Master,MasterLiquid PL240 FLUX,https://amazon.com/dp/B09PWHJ19J?tag=pcbuilder00-20
127.88,Cooler Master,MasterAir MA612,https://amazon.com/dp/B08TWMYQJB?tag=pcbuilder00-20
129.99,Cooler Master,ML240 Mirror,https://amazon.com/dp/B08BVV2TKT?tag=pcbuilder00-20
131.59,Cooler Master,MasterLiquid ML360,https://amazon.com/dp/B08BV4XVV8?tag=pcbuilder00-20
131.63,Cooler Master,MasterLiquid ML24,https://amazon.com/dp/B0924NWHW4?tag=pcbuilder00-20
137.55,Cooler Master,MLW-D36M-A18PA-R2,https://amazon.com/dp/B08D8VYK1W?tag=pcbuilder00-20
139.45,Cooler Master,MasterAir MA610P,https://amazon.com/dp/B08WHT3XH9?tag=pcbuilder00-20
139.85,Cooler Master,MasterLiquid ML240R RGB,https://amazon.com/dp/B079K244KZ?tag=pcbuilder00-20
140,Cooler Master,MasterLiquid ML360R RGB,https://amazon.com/dp/B07DV29GYN?tag=pcbuilder00-20
144.27,Cooler Master,MasterAir MA612 Stealth,https://amazon.com/dp/B08TWPCT6P?tag=pcbuilder00-20
145.3,Cooler Master,MasterLiquid ML240,https://amazon.com/dp/B09463GC4H?tag=pcbuilder00-20
155.28,Cooler Master,MLW-D36M-A18PW-RW,https://amazon.com/dp/B098TF4YLS?tag=pcbuilder00-20
159,Cooler Master,MasterLiquid 120,https://amazon.com/dp/B01N57LAE0?tag=pcbuilder00-20
178.49,Cooler Master,MLY-D24M-A23PZ-RW,https://amazon.com/dp/B0BD8PT98J?tag=pcbuilder00-20
179.99,Cooler Master,MasterLiquid ML120R RGB,https://amazon.com/dp/B079K5WJT6?tag=pcbuilder00-20
207,Cooler Master,MasterLiquid 240,https://amazon.com/dp/B01N1KKKO5?tag=pcbuilder00-20
231.69,Cooler Master,MasterLiquid PL240 FLUX,https://amazon.com/dp/B09PWVN9TP?tag=pcbuilder00-20
249,Cooler Master,MasterLiquid ML240P Mirage,https://amazon.com/dp/B07V25ZSB2?tag=pcbuilder00-20
89.99,Corsair,A500,https://amazon.com/dp/B0829SLJSF?tag=pcbuilder00-20
93.58,Corsair,H100,https://amazon.com/dp/B07B68T46Q?tag=pcbuilder00-20
118,Corsair,iCUE H100i RGB Pro,https://amazon.com/dp/B0829RTMKY?tag=pcbuilder00-20
119.99,Corsair,iCUE H60i RGB PRO,https://amazon.com/dp/B08PHVQBM6?tag=pcbuilder00-20
149.99,Corsair,iCUE H100i,https://amazon.com/dp/B08Q7L3N4W?tag=pcbuilder00-20
174.99,Corsair,iCUE H115i RGB Pro XT,https://amazon.com/dp/B0829RYPKM?tag=pcbuilder00-20
178.1,Corsair,iCUE H100i,https://amazon.com/dp/B08G1NSG7F?tag=pcbuilder00-20
178.99,Corsair,CW-9060068-WW,https://amazon.com/dp/B0BQJ54XW5?tag=pcbuilder00-20
179.96,Corsair,CW-9060045-WWiCUE H150i RGB PRO XT,https://amazon.com/dp/B0829S536D?tag=pcbuilder00-20
179.99,Corsair,CW-9060072-WW,https://amazon.com/dp/B0BQJ4VNT1?tag=pcbuilder00-20
179.99,Corsair,iCUE H150i,https://amazon.com/dp/B08G1Q3GZR?tag=pcbuilder00-20
180.71,Corsair,iCUE H150i,https://amazon.com/dp/B08Q86DSTX?tag=pcbuilder00-20
185.55,Corsair,iCUE H115i,https://amazon.com/dp/B08G1Q1FHM?tag=pcbuilder00-20
199.99,Corsair,CW-9060069-WW,https://amazon.com/dp/B0BQJ7HFSQ?tag=pcbuilder00-20
199.99,Corsair,iCUE H170i ELITE,https://amazon.com/dp/B095W3666C?tag=pcbuilder00-20
205,Corsair,Hydro Series H50,https://amazon.com/dp/B002QG2H7K?tag=pcbuilder00-20
219.99,Corsair,CW-9060070-WW,https://amazon.com/dp/B0BQJ6QL7L?tag=pcbuilder00-20
225.99,Corsair,CW-9060073-WW,https://amazon.com/dp/B0BQJ44PGK?tag=pcbuilder00-20
226.81,Corsair,H115i,https://amazon.com/dp/B019955RNQ?tag=pcbuilder00-20
229.99,Corsair,iCUE H100i ELITE,https://amazon.com/dp/B09HDJ3Z47?tag=pcbuilder00-20
232,Corsair,CWCH100,https://amazon.com/dp/B0051U7HMS?tag=pcbuilder00-20
239.99,Corsair,CW-9060071-WW,https://amazon.com/dp/B0BQJ72D7R?tag=pcbuilder00-20
239.99,Corsair,Hydro H80i v2,https://amazon.com/dp/B019954Y2Q?tag=pcbuilder00-20
239.99,Corsair,CW-9060062-WW,https://amazon.com/dp/B09HDWQKV8?tag=pcbuilder00-20
259.99,Corsair,CW-9060074-WW,https://amazon.com/dp/B0BQWVNZDC?tag=pcbuilder00-20
259.99,Corsair,iCUE H170i ELITE,https://amazon.com/dp/B09HDPTRCQ?tag=pcbuilder00-20
276,Corsair,CW-9060016-WW,https://amazon.com/dp/B00HKEI3EY?tag=pcbuilder00-20
282.54,Corsair,H100i RGB,https://amazon.com/dp/B07JWB5BSN?tag=pcbuilder00-20
289.99,Corsair,CW-9060075-WW,https://amazon.com/dp/B0BQWSP2ZP?tag=pcbuilder00-20
299.99,Corsair,CW-9060077-WW,https://amazon.com/dp/B0BQWTMJ7F?tag=pcbuilder00-20
309.99,Corsair,CW-9060076-WW,https://amazon.com/dp/B0BQWTVYLV?tag=pcbuilder00-20
329.98,Corsair,H100i,https://amazon.com/dp/B00SV7IEJI?tag=pcbuilder00-20
384.98,Corsair,H110i,https://amazon.com/dp/B019955W7C?tag=pcbuilder00-20
415.58,Corsair,H80i GT,https://amazon.com/dp/B00SV7IIDU?tag=pcbuilder00-20
439.98,Corsair,H110,https://amazon.com/dp/B00B4OCW7K?tag=pcbuilder00-20
119.49,Cougar,HELOR 240,https://amazon.com/dp/B07LF9W3HP?tag=pcbuilder00-20
183.99,Cougar,HELOR 360,https://amazon.com/dp/B07LFBF74M?tag=pcbuilder00-20
48.52,Cryorig,M9A,https://amazon.com/dp/B0177GTUE6?tag=pcbuilder00-20
56.16,Cryorig,M9 Plus,https://amazon.com/dp/B07F12J69M?tag=pcbuilder00-20
92.41,Cryorig,R1 Universal,https://amazon.com/dp/B00IAPJVLG?tag=pcbuilder00-20
99.72,Cryorig,C7,https://amazon.com/dp/B07BKYJDGM?tag=pcbuilder00-20
102.98,Cryorig,H5,https://amazon.com/dp/B0154AXB4C?tag=pcbuilder00-20
109,Cryorig,H5 Universal,https://amazon.com/dp/B00MBTOY2S?tag=pcbuilder00-20
112.76,Cryorig,H7 Quad Lumi,https://amazon.com/dp/B071WSC4PX?tag=pcbuilder00-20
132.04,Cryorig,CR-A4B,https://amazon.com/dp/B0177GTTS8?tag=pcbuilder00-20
12.49,DEEP COOL,THETA 20 PWM,https://amazon.com/dp/B0050K4MYK?tag=pcbuilder00-20
17.99,DEEP COOL,GAMMAXX GTE V2,https://amazon.com/dp/B082CZW3RK?tag=pcbuilder00-20
24.99,DEEP COOL,GAMMAXX 400 Blue,https://amazon.com/dp/B00JQ2YDCY?tag=pcbuilder00-20
29.99,DEEP COOL,AG400 BK ARGB,https://amazon.com/dp/B0B6FD12B5?tag=pcbuilder00-20
29.99,DEEP COOL,GAMMAXX GTE V2,https://amazon.com/dp/B089LL3NTG?tag=pcbuilder00-20
30.69,DEEP COOL,GAMMAXX GT A-RGB,https://amazon.com/dp/B084Z5P1N8?tag=pcbuilder00-20
34.99,DEEP COOL,AK400,https://amazon.com/dp/B09PCWK7SP?tag=pcbuilder00-20
39.99,DEEP COOL,GAMMAXX 400 V2,https://amazon.com/dp/B086WNPXVP?tag=pcbuilder00-20
39.99,DEEP COOL,AK400,https://amazon.com/dp/B09Q5THLVX?tag=pcbuilder00-20
39.99,DEEP COOL,AK400,https://amazon.com/dp/B0B6FDGX3H?tag=pcbuilder00-20
40.03,DEEP COOL,GAMMAXX S40,https://amazon.com/dp/B00CVWQEIW?tag=pcbuilder00-20
49.05,DEEP COOL,GAMMAXX 400 WHITE,https://amazon.com/dp/B06XWST7B7?tag=pcbuilder00-20
49.99,DEEP COOL,AK500,https://amazon.com/dp/B0B3XQDS92?tag=pcbuilder00-20
54.99,DEEP COOL,GAMMAXX AG620 Mighty,https://amazon.com/dp/B0B6FD741J?tag=pcbuilder00-20
55.74,DEEP COOL,GAMMAXX C40,https://amazon.com/dp/B07MR1VY57?tag=pcbuilder00-20
55.95,DEEP COOL,AK620,https://amazon.com/dp/B09CSXS3X4?tag=pcbuilder00-20
59.53,DEEP COOL,AS500 PLUS WH,https://amazon.com/dp/B095HC1YPW?tag=pcbuilder00-20
59.99,DEEP COOL,AS500,https://amazon.com/dp/B08FJ7MK7R?tag=pcbuilder00-20
69.99,DEEP COOL,AK620 WH,https://amazon.com/dp/B09NQ6BP1R?tag=pcbuilder00-20
69.99,DEEP COOL,AS500,https://amazon.com/dp/B08PYPGMFQ?tag=pcbuilder00-20
79.99,DEEP COOL,Liquid Cooler LS320,https://amazon.com/dp/B09Y1LTTZJ?tag=pcbuilder00-20
89.99,DEEP COOL,Assassin III,https://amazon.com/dp/B07T4FNXWD?tag=pcbuilder00-20
90.99,DEEP COOL,CASTLE 360EX,https://amazon.com/dp/B07TYM5T17?tag=pcbuilder00-20
99.79,DEEP COOL,R-LS520-BKAMNT-G-1,https://amazon.com/dp/B0B3JQZ5ZF?tag=pcbuilder00-20
99.79,DEEP COOL,R-LS520-WHAMNT-G-1 (LS520 WH),https://amazon.com/dp/B0B5TY4TWP?tag=pcbuilder00-20
99.99,DEEP COOL,Castle 240EX A-RGB,https://amazon.com/dp/B0943WNDS7?tag=pcbuilder00-20
129.99,DEEP COOL,R-LS720-BKAMNT-G-1,https://amazon.com/dp/B09Y1LVCYH?tag=pcbuilder00-20
129.99,DEEP COOL,CASTLE 360EX A-RGB,https://amazon.com/dp/B0943XDXNR?tag=pcbuilder00-20
130.39,DEEP COOL,GAMMAXX L240,https://amazon.com/dp/B08SM58LQD?tag=pcbuilder00-20
133.19,DEEP COOL,Gammaxx L360 RGB V2,https://amazon.com/dp/B07VBN32J9?tag=pcbuilder00-20
142,DEEP COOL,Gammaxx L240 RGB V2,https://amazon.com/dp/B07QFWQXZ1?tag=pcbuilder00-20
143.48,DEEP COOL,Castle 240 RGB V2,https://amazon.com/dp/B07RRRXBGR?tag=pcbuilder00-20
150.36,DEEP COOL,LS720,https://amazon.com/dp/B0B5TZ486Y?tag=pcbuilder00-20
157.67,DEEP COOL,GAMMAXX L360,https://amazon.com/dp/B08SM3WVH7?tag=pcbuilder00-20
157.98,DEEP COOL,Caslte 280EX,https://amazon.com/dp/B08CDZK62W?tag=pcbuilder00-20
166.34,DEEP COOL,Castle 360 RGB,https://amazon.com/dp/B07TK19XMV?tag=pcbuilder00-20
173.43,DEEP COOL,GAMMAXX L360,https://amazon.com/dp/B09TRHH24C?tag=pcbuilder00-20
187.24,DEEP COOL,CASTLE 360EX RGB,https://amazon.com/dp/B08GX2HH3G?tag=pcbuilder00-20
21.99,DeepCool,AG400,https://amazon.com/dp/B0B6FD2V1B?tag=pcbuilder00-20
29.99,DeepCool,AG400 WH ARGB,https://amazon.com/dp/B0B96R1BKR?tag=pcbuilder00-20
39.99,DeepCool,R-AG500-BKANMN-G-1,https://amazon.com/dp/B0BM9GHK22?tag=pcbuilder00-20
49.99,DeepCool,GAMMAXX GT V2,https://amazon.com/dp/B0876GWBS5?tag=pcbuilder00-20
54.99,DeepCool,AK500 WH,https://amazon.com/dp/B0BP9N2B23?tag=pcbuilder00-20
54.99,DeepCool,AG620 BK ARGB,https://amazon.com/dp/B0B6FH979R?tag=pcbuilder00-20
54.99,DeepCool,R-AK500-BKNNMT-G-1,https://amazon.com/dp/B0BM9CDY2F?tag=pcbuilder00-20
58.12,DeepCool,AG500 ARGB,https://amazon.com/dp/B0BPBCSK8Q?tag=pcbuilder00-20
69.99,DeepCool,AK620 Zero Dark,https://amazon.com/dp/B0B6FGMSNM?tag=pcbuilder00-20
89.99,DeepCool,R-LS520-BKAMMM-G-1,https://amazon.com/dp/B0BLYQPPFK?tag=pcbuilder00-20
109.99,DeepCool,LT520,https://amazon.com/dp/B0B9SJYV59?tag=pcbuilder00-20
109.99,DeepCool,LT520 WH,https://amazon.com/dp/B0BRXWRRRF?tag=pcbuilder00-20
109.99,DeepCool,R-LS720-BKAMMM-G-1,https://amazon.com/dp/B0BLYPXGD9?tag=pcbuilder00-20
172.98,DeepCool,LT720 WH,https://amazon.com/dp/B0BRXW7XL1?tag=pcbuilder00-20
29.93,Dynatron,K5,https://amazon.com/dp/B00D4MA8B2?tag=pcbuilder00-20
34.99,Dynatron,R12,https://amazon.com/dp/B005NBLMHQ?tag=pcbuilder00-20
36,Dynatron,R24,https://amazon.com/dp/B00CA742OG?tag=pcbuilder00-20
39,Dynatron,R14 LGA2011,https://amazon.com/dp/B005NBORN2?tag=pcbuilder00-20
41.95,Dynatron,R9,https://amazon.com/dp/B008LA7B26?tag=pcbuilder00-20
43,Dynatron,K199,https://amazon.com/dp/B005OYEU7G?tag=pcbuilder00-20
43.53,Dynatron,K17,https://amazon.com/dp/B006VYV9PE?tag=pcbuilder00-20
44.93,Dynatron,K129,https://amazon.com/dp/B004HSSZIA?tag=pcbuilder00-20
44.93,Dynatron,R27,https://amazon.com/dp/B00ICJ811Q?tag=pcbuilder00-20
44.93,Dynatron,R8,https://amazon.com/dp/B008LA7AUE?tag=pcbuilder00-20
44.95,Dynatron,R25 1U,https://amazon.com/dp/B00D4MAITY?tag=pcbuilder00-20
47.93,Dynatron,T318,https://amazon.com/dp/B00A21361W?tag=pcbuilder00-20
49.92,Dynatron,R15,https://amazon.com/dp/B006MNFMBG?tag=pcbuilder00-20
51.73,Dynatron,R13,https://amazon.com/dp/B008765M3E?tag=pcbuilder00-20
82.44,EK,AIO-BASIC-240,https://amazon.com/dp/B08WC58NKZ?tag=pcbuilder00-20
85.19,EK,AIO 280mm D-RGB,https://amazon.com/dp/B00K0BN4QQ?tag=pcbuilder00-20
94.99,EK,EK-AIO-120,https://amazon.com/dp/B083BZPFXX?tag=pcbuilder00-20
109.64,EK,AIO-BASIC-360,https://amazon.com/dp/B08WCQBG4Y?tag=pcbuilder00-20
130.39,EK,EK-AIO-360,https://amazon.com/dp/B0842YK4L5?tag=pcbuilder00-20
144.89,EK,3.83111E+12,https://amazon.com/dp/B00L52C85C?tag=pcbuilder00-20
168.79,EK,Elite 360 D-RGB,https://amazon.com/dp/B08WLWSZSW?tag=pcbuilder00-20
189.99,EK,EK AIO 240 D-RGB,https://amazon.com/dp/B0842Z9WYG?tag=pcbuilder00-20
204.99,EK,3.83111E+12,https://amazon.com/dp/B0BN8XYP6W?tag=pcbuilder00-20
159.99,EKWB,3.83111E+12,https://amazon.com/dp/B0BN8X61N4?tag=pcbuilder00-20
128.19,Endorfy,EY3B001,https://amazon.com/dp/B0BHDSPMNT?tag=pcbuilder00-20
355,Endorfy,EY3B002,https://amazon.com/dp/B0BHDT5159?tag=pcbuilder00-20
45.99,Enermax,ETS-F40-W-ARGB,https://amazon.com/dp/B08WYWMD1T?tag=pcbuilder00-20
49.99,Enermax,ETS-F40-BK-ARGB,https://amazon.com/dp/B08WYNGGHM?tag=pcbuilder00-20
49.99,Enermax,ETS-T50A-BK-ARGB,https://amazon.com/dp/B07YFVML34?tag=pcbuilder00-20
58.01,Enermax,Liqmax III,https://amazon.com/dp/B07QK5Z2XZ?tag=pcbuilder00-20
61,Enermax,ETS-T50 Axe,https://amazon.com/dp/B07XQKRH9J?tag=pcbuilder00-20
69.99,Enermax,Liqmax III 240,https://amazon.com/dp/B0934388RZ?tag=pcbuilder00-20
69.99,Enermax,ELC-AQFA120-SQA,https://amazon.com/dp/B0BHZXWVWS?tag=pcbuilder00-20
71.21,Enermax,FBA_ETS-T40F-BK,https://amazon.com/dp/B012NI8RRE?tag=pcbuilder00-20
79.99,Enermax,Liqmax III 360 ARGB,https://amazon.com/dp/B07YFB6X2B?tag=pcbuilder00-20
84.99,Enermax,Liqmax III 360,https://amazon.com/dp/B08K3PM5WZ?tag=pcbuilder00-20
99.99,Enermax,ELC-AQFA240-SQA,https://amazon.com/dp/B0BJ111V2Y?tag=pcbuilder00-20
109.99,Enermax,ELC-AQF360-SQA,https://amazon.com/dp/B082GL5BTQ?tag=pcbuilder00-20
111.94,Enermax,Liqmax III 240 ARGB,https://amazon.com/dp/B07ZKR6XV1?tag=pcbuilder00-20
119.99,Enermax,ELC-AQFA360-SQA,https://amazon.com/dp/B0BHZVN692?tag=pcbuilder00-20
188,Enermax,Liqtech II 360,https://amazon.com/dp/B07LC5GHTH?tag=pcbuilder00-20
188,Enermax,Aquafusion 120,https://amazon.com/dp/B07YFW75X9?tag=pcbuilder00-20
209.65,Enermax,LIQTECH TR4 II,https://amazon.com/dp/B07H81B5DF?tag=pcbuilder00-20
18,Evercool,HPFI-10025,https://amazon.com/dp/B07Q1YWQWC?tag=pcbuilder00-20
19.49,Evercool,623,https://amazon.com/dp/B009D3HJTA?tag=pcbuilder00-20
25.99,Evercool,HPH-9525CU,https://amazon.com/dp/B004YITL7M?tag=pcbuilder00-20
33,Evercool,HPL-815EP,https://amazon.com/dp/B00HJ0JGCM?tag=pcbuilder00-20
45,Evercool,HPM-12025,https://amazon.com/dp/B007H9KSDG?tag=pcbuilder00-20
49.99,Evercool,LGAL1156A-B715,https://amazon.com/dp/B084B1MHPV?tag=pcbuilder00-20
38.6,EVGA,100-FS-C901-KR,https://amazon.com/dp/B00FS6O20A?tag=pcbuilder00-20
64.95,EVGA,CLC 120 CL11,https://amazon.com/dp/B07CNXHYJ2?tag=pcbuilder00-20
119.99,EVGA,CLC 240,https://amazon.com/dp/B074WH52BW?tag=pcbuilder00-20
125,EVGA,CLC 280,https://amazon.com/dp/B01N16CAKN?tag=pcbuilder00-20
219.49,EVGA,400-HY-CX24-V1,https://amazon.com/dp/B0BJ5XXPNP?tag=pcbuilder00-20
264.68,EVGA,400-HY-CX36-V1,https://amazon.com/dp/B0BJ5XXWH3?tag=pcbuilder00-20
117,Fractal Design,Celsius S24 Blackout,https://amazon.com/dp/B07VVL9JZT?tag=pcbuilder00-20
121,Fractal Design,Celsius S24,https://amazon.com/dp/B0719DHG5Y?tag=pcbuilder00-20
134.59,Fractal Design,FD-W-L1-S2412,https://amazon.com/dp/B0BH8GVST4?tag=pcbuilder00-20
135,Fractal Design,Celsius S36,https://amazon.com/dp/B0725KY3N7?tag=pcbuilder00-20
144.18,Fractal Design,FD-W-L1-S2812,https://amazon.com/dp/B0BH85T3KL?tag=pcbuilder00-20
158.48,Fractal Design,FD-W-L1-S3612,https://amazon.com/dp/B0BH8D49RX?tag=pcbuilder00-20
175.67,Fractal Design,Celsius+ S24,https://amazon.com/dp/B0856M7D13?tag=pcbuilder00-20
178.99,Fractal Design,Celsius S36,https://amazon.com/dp/B07VWR7VF6?tag=pcbuilder00-20
220,Fractal Design,FD-W-L1-S2811,https://amazon.com/dp/B0BH8GQ5YR?tag=pcbuilder00-20
234,Fractal Design,FD-W-L1-S3611,https://amazon.com/dp/B0BH9W1B4F?tag=pcbuilder00-20
279.99,Fractal Design,Celsius+ S36 Prisma PWM ARGB,https://amazon.com/dp/B0856M7T81?tag=pcbuilder00-20
24.99,FSP,AC401,https://amazon.com/dp/B0713S6R8Y?tag=pcbuilder00-20
165.99,GAMDIAS,CHIONE M1A-280R,https://amazon.com/dp/B07K7JV3WJ?tag=pcbuilder00-20
35.52,Game Max,GAMMA 500-ARGB,https://amazon.com/dp/B07PX3DVX7?tag=pcbuilder00-20
78.04,GAMEMAX,Ice Chill 120,https://amazon.com/dp/B08522PRWX?tag=pcbuilder00-20
44.96,Gelid Solutions,Tranq 02,https://amazon.com/dp/B0058HUSPM?tag=pcbuilder00-20
44.99,Gelid Solutions,SnowStorm 01,https://amazon.com/dp/B00PVY7TUE?tag=pcbuilder00-20
79,Gelid Solutions,CC-AIO-240-A,https://amazon.com/dp/B0BV6Z9MN2?tag=pcbuilder00-20
126.65,Gigabyte,ATC800,https://amazon.com/dp/B07V72877X?tag=pcbuilder00-20
127.49,Gigabyte,WATERFORCE 240,https://amazon.com/dp/B09T2QWDYY?tag=pcbuilder00-20
159.99,Gigabyte,GP-AORUS WATERFORCE 280,https://amazon.com/dp/B09T39WL99?tag=pcbuilder00-20
199.99,Gigabyte,AORUS WATERFORCE X 240,https://amazon.com/dp/B08YMLHP1Z?tag=pcbuilder00-20
229.99,Gigabyte,AORUS WATERFORCE X 280,https://amazon.com/dp/B08YMY8ZZ3?tag=pcbuilder00-20
249.99,Gigabyte,AORUS WATERFORCE X 360,https://amazon.com/dp/B08YMVNQDJ?tag=pcbuilder00-20
305.95,Gigabyte,AORUS LIQUID COOLER 280,https://amazon.com/dp/B07YZ2NCR5?tag=pcbuilder00-20
312.4,Gigabyte,AORUS WATERFORCE 360,https://amazon.com/dp/B09N74MYL7?tag=pcbuilder00-20
165,IceGiant,PE-240-BLA,https://amazon.com/dp/B08VHB8YPZ?tag=pcbuilder00-20
19.99,ID-COOLING,SE-214-XT ARGB WHITE,https://amazon.com/dp/B09Q7XVZ2V?tag=pcbuilder00-20
19.99,ID-COOLING,SE-214-XT ARGB,https://amazon.com/dp/B09FDWPCWZ?tag=pcbuilder00-20
19.99,ID-COOLING,DK-03i,https://amazon.com/dp/B0813SJ53X?tag=pcbuilder00-20
22.99,ID-COOLING,IS-30,https://amazon.com/dp/B07SQWT6BV?tag=pcbuilder00-20
29.99,ID-COOLING,SE-224-XT,https://amazon.com/dp/B08BY9P911?tag=pcbuilder00-20
29.99,ID-COOLING,SE-224-XT WHITE,https://amazon.com/dp/B0874512QH?tag=pcbuilder00-20
29.99,ID-COOLING,SE 224 Basic,https://amazon.com/dp/B082V7TCSB?tag=pcbuilder00-20
29.99,ID-COOLING,SE-224-XTS BLACK,https://amazon.com/dp/B0BC13DSJZ?tag=pcbuilder00-20
29.99,ID-COOLING,SE-914-XT,https://amazon.com/dp/B08CDD6SGX?tag=pcbuilder00-20
29.99,ID-COOLING,IS-50X V2,https://amazon.com/dp/B0B38H5QJG?tag=pcbuilder00-20
34.99,ID-COOLING,IS-47-XT,https://amazon.com/dp/B0BLSCMXMG?tag=pcbuilder00-20
36.99,ID-COOLING,SE-914-XT,https://amazon.com/dp/B08PYJZ4RY?tag=pcbuilder00-20
39.99,ID-COOLING,IS-55 Black,https://amazon.com/dp/B0BFPRYB5Y?tag=pcbuilder00-20
39.99,ID-COOLING,SE-207-XT SLIM SNOW,https://amazon.com/dp/B0BLSDH7M4?tag=pcbuilder00-20
39.99,ID-COOLING,IS-55 ARGB,https://amazon.com/dp/B0B38JL29B?tag=pcbuilder00-20
39.99,ID-COOLING,IS-55 ARGB WHITE,https://amazon.com/dp/B0B38JPZ7L?tag=pcbuilder00-20
44.99,ID-COOLING,SE-225-XT,https://amazon.com/dp/B08LPDDM4B?tag=pcbuilder00-20
49.99,ID-COOLING,SE-226-XT-BLACK,https://amazon.com/dp/B09FDXJV3M?tag=pcbuilder00-20
54.99,ID-COOLING,FROSTFLOW X 240,https://amazon.com/dp/B08PTXFDP6?tag=pcbuilder00-20
59.99,ID-COOLING,SE-226-XT ARGB,https://amazon.com/dp/B09FDZGJTN?tag=pcbuilder00-20
59.99,ID-COOLING,FROSTFLOW X 280,https://amazon.com/dp/B09W2GLV3D?tag=pcbuilder00-20
64.99,ID-COOLING,DASHFLOW 240 BASIC,https://amazon.com/dp/B0BFPL84GK?tag=pcbuilder00-20
69.99,ID-COOLING,DASHFLOW 240 BASIC,https://amazon.com/dp/B0BFPLDPL5?tag=pcbuilder00-20
74.99,ID-COOLING,AURAFLOW X 240 SNOW,https://amazon.com/dp/B084GKZVBX?tag=pcbuilder00-20
74.99,ID-COOLING,AURAFLOW X 240,https://amazon.com/dp/B07RK4R53X?tag=pcbuilder00-20
79.99,ID-COOLING,ZOOMFLOW 240X ARGB,https://amazon.com/dp/B085PXXQWC?tag=pcbuilder00-20
84.99,ID-COOLING,ZOOMFLOW 240X SNOW,https://amazon.com/dp/B084GLGJN5?tag=pcbuilder00-20
109.99,ID-COOLING,PINKFLOW 240 Diamond,https://amazon.com/dp/B098QNCS1Y?tag=pcbuilder00-20
119.99,ID-COOLING,Pinkflow 240,https://amazon.com/dp/B081JJ77XF?tag=pcbuilder00-20
37.99,iHTP,Hyper 212 Spectrum V3,https://amazon.com/dp/B0BVFNB48N?tag=pcbuilder00-20
115.19,IN WIN,BR24,https://amazon.com/dp/B096CJBR1D?tag=pcbuilder00-20
134.75,IN WIN,BR36,https://amazon.com/dp/B096CBMD57?tag=pcbuilder00-20
134.84,IN WIN,IW-LC-SR24,https://amazon.com/dp/B088B1ZT2L?tag=pcbuilder00-20
159,IN WIN,IW-LC-SR36,https://amazon.com/dp/B088BF811K?tag=pcbuilder00-20
12.59,Intel,E97379-001,https://amazon.com/dp/B004XJNC0O?tag=pcbuilder00-20
28.9,Intel,BXTS15A,https://amazon.com/dp/B013U542QE?tag=pcbuilder00-20
69.99,Intel,BXTS13A,https://amazon.com/dp/B00MWAFKOW?tag=pcbuilder00-20
149,InWin,nr36,https://amazon.com/dp/B09W353JFH?tag=pcbuilder00-20
74.5,Jonsbo,HX6200D White,https://amazon.com/dp/B09TYWF5V7?tag=pcbuilder00-20
107,Jonsbo,HX4170D White,https://amazon.com/dp/B0BK5C9X74?tag=pcbuilder00-20
117.99,Lian Li,GA-240A WHITE,https://amazon.com/dp/B09N3F57V5?tag=pcbuilder00-20
124.37,Lian Li,GA-240B BLACK,https://amazon.com/dp/B09MPX8RLG?tag=pcbuilder00-20
145.36,Lian Li,GA-360A WHITE,https://amazon.com/dp/B09MPYPHJB?tag=pcbuilder00-20
145.36,Lian Li,GA-360B BLACK,https://amazon.com/dp/B09N3G22HG?tag=pcbuilder00-20
175.9,Lian Li,GALAHAD AIO 360,https://amazon.com/dp/B09KN8Y68Y?tag=pcbuilder00-20
179.64,Lian Li,GALAHAD AIO 240 RGB K,https://amazon.com/dp/B08CX71VTF?tag=pcbuilder00-20
179.84,Lian Li,GA-360SLB,https://amazon.com/dp/B09KN7PSFS?tag=pcbuilder00-20
189,Lian Li,GALAHAD AIO 240 RGB W,https://amazon.com/dp/B08CXDWFKC?tag=pcbuilder00-20
191.15,Lian Li,GA240SLA,https://amazon.com/dp/B09KN8GC3Z?tag=pcbuilder00-20
193.59,Lian Li,GA240SLB,https://amazon.com/dp/B09KN6PDKF?tag=pcbuilder00-20
199.99,Lian Li,Galahad 360,https://amazon.com/dp/B08CZ6NM4W?tag=pcbuilder00-20
200,Lian Li,GALAHAD AIO 360 RGB W,https://amazon.com/dp/B08CYCWJKW?tag=pcbuilder00-20
141,MARSGAMING,MLONE120P,https://amazon.com/dp/B0B82RXQKH?tag=pcbuilder00-20
57,Montech,METAL DT24 BASE,https://amazon.com/dp/B0BNKS9BBZ?tag=pcbuilder00-20
69,Montech,METAL DT24 PREMIUM,https://amazon.com/dp/B0BNKRCJP6?tag=pcbuilder00-20
74.99,MSI,MAG CORELIQUID P240,https://amazon.com/dp/B09931VWWM?tag=pcbuilder00-20
89.99,MSI,MAG CORELIQUID 240R V2,https://amazon.com/dp/B09CQDBFPC?tag=pcbuilder00-20
109.99,MSI,MAG CoreLiquid 360R V2,https://amazon.com/dp/B09HRNPNTD?tag=pcbuilder00-20
119.99,MSI,MAG CoreLiquid C360,https://amazon.com/dp/B0992176M7?tag=pcbuilder00-20
123.47,MSI,MAG CoreLiquid C240,https://amazon.com/dp/B09931G795?tag=pcbuilder00-20
124.99,MSI,CoreLiquid K240,https://amazon.com/dp/B091ND9HDQ?tag=pcbuilder00-20
129.99,MSI,MAG CORELIQUID P360,https://amazon.com/dp/B09Q7GTTGG?tag=pcbuilder00-20
134.99,MSI,MAG CORELIQUID C280,https://amazon.com/dp/B0992ZSKVJ?tag=pcbuilder00-20
155.84,MSI,MAG CORELIQUID 280R,https://amazon.com/dp/B0916T9TC9?tag=pcbuilder00-20
176.91,MSI,MEG CoreLiquid S280,https://amazon.com/dp/B09CQCX4VM?tag=pcbuilder00-20
220,MSI,MPG CORELIQUID K360 V2 AIO,https://amazon.com/dp/B09CQCS5B7?tag=pcbuilder00-20
232.06,MSI,MPG CoreLiquid K360,https://amazon.com/dp/B08XKDWHSB?tag=pcbuilder00-20
240.5,MSI,9S6-6A0311-038,https://amazon.com/dp/B09CQCD5DS?tag=pcbuilder00-20
266.47,MSI,9S6-6A0521-001,https://amazon.com/dp/B09CQCK1N2?tag=pcbuilder00-20
39.99,Noctua,NH-L9i,https://amazon.com/dp/B009VCAJ7W?tag=pcbuilder00-20
44.95,Noctua,NH L9a,https://amazon.com/dp/B075SG1T3X?tag=pcbuilder00-20
44.95,Noctua,NH-L9i-17xx,https://amazon.com/dp/B09HCLB7M3?tag=pcbuilder00-20
44.95,Noctua,NH-L9a-AM5,https://amazon.com/dp/B0BNL8ZM1T?tag=pcbuilder00-20
46.98,Noctua,NH-U12Sredux,https://amazon.com/dp/B08WPDD6GD?tag=pcbuilder00-20
54.93,Noctua,L12 Ghost S1 edition,https://amazon.com/dp/B08B41TV7S?tag=pcbuilder00-20
54.95,Noctua,NH D9L,https://amazon.com/dp/B00QCEWTAW?tag=pcbuilder00-20
54.95,Noctua,NH-L9A-AM4 CH.BK,https://amazon.com/dp/B083LQVX5W?tag=pcbuilder00-20
54.95,Noctua,NH-L9i CH.BK,https://amazon.com/dp/B07Y892M38?tag=pcbuilder00-20
54.95,Noctua,NF-L9i-17xxchromaxblack,https://amazon.com/dp/B09HCHYMJM?tag=pcbuilder00-20
54.95,Noctua,NH-L9a-AM5 chromax.black,https://amazon.com/dp/B0BNLB8VXS?tag=pcbuilder00-20
59.95,Noctua,NH L9x65,https://amazon.com/dp/B00VB3Y89E?tag=pcbuilder00-20
59.95,Noctua,NH U9S,https://amazon.com/dp/B00TBHYYFK?tag=pcbuilder00-20
59.95,Noctua,NH L12S,https://amazon.com/dp/B075SF5QQ8?tag=pcbuilder00-20
59.95,Noctua,NH L9x65,https://amazon.com/dp/B01N27QWFA?tag=pcbuilder00-20
64.95,Noctua,NH U9DX,https://amazon.com/dp/B00E1JGFA0?tag=pcbuilder00-20
68.99,Noctua,NH-D9DX i4 3U,https://amazon.com/dp/B0149QDR2I?tag=pcbuilder00-20
69.94,Noctua,NH U12S,https://amazon.com/dp/B00C9EYVGY?tag=pcbuilder00-20
69.95,Noctua,NH U12S,https://amazon.com/dp/B01N9X2YYN?tag=pcbuilder00-20
69.95,Noctua,NH-U9S CH.BK,https://amazon.com/dp/B08HH6G48J?tag=pcbuilder00-20
74.95,Noctua,NH U12D,https://amazon.com/dp/B00DWFQ42I?tag=pcbuilder00-20
79.9,Noctua,NH U12S,https://amazon.com/dp/B074DW3FS2?tag=pcbuilder00-20
79.95,Noctua,NH U12S,https://amazon.com/dp/B07Y88BNYZ?tag=pcbuilder00-20
79.95,Noctua,NH U14S,https://amazon.com/dp/B00C9FLSLY?tag=pcbuilder00-20
79.95,Noctua,NH C14S,https://amazon.com/dp/B00XUV3JTK?tag=pcbuilder00-20
79.95,Noctua,NH U9,https://amazon.com/dp/B074DXFB66?tag=pcbuilder00-20
89.95,Noctua,NH-D15S,https://amazon.com/dp/B00XUVGLEU?tag=pcbuilder00-20
89.95,Noctua,NH U14S,https://amazon.com/dp/B074DX2SX7?tag=pcbuilder00-20
89.95,Noctua,NH-D12L,https://amazon.com/dp/B09TB5KJ5V?tag=pcbuilder00-20
99.95,Noctua,NH-D15,https://amazon.com/dp/B00L7UZMAK?tag=pcbuilder00-20
99.95,Noctua,NH-D15S chromax.black,https://amazon.com/dp/B08HM1T6RL?tag=pcbuilder00-20
99.95,Noctua,NH D15,https://amazon.com/dp/B01NC06ZYT?tag=pcbuilder00-20
109.9,Noctua,NH-P1,https://amazon.com/dp/B08WC64NN8?tag=pcbuilder00-20
109.95,Noctua,NH-D15,https://amazon.com/dp/B07Y87YHRH?tag=pcbuilder00-20
109.95,Noctua,NH U12A,https://amazon.com/dp/B07PN4RDW3?tag=pcbuilder00-20
118.99,Noctua,NH-U12Achromaxblack,https://amazon.com/dp/B098XP1Y38?tag=pcbuilder00-20
98.9,Nofan,2021-01FU-4-58879,https://amazon.com/dp/B00HW2O2L2?tag=pcbuilder00-20
97,Noua,AC0619-DIS19,https://amazon.com/dp/B09FT5TYK5?tag=pcbuilder00-20
49.99,NZXT,RC-TN120-B1,https://amazon.com/dp/B0BFZF7D86?tag=pcbuilder00-20
49.99,NZXT,RC-TR120-B1,https://amazon.com/dp/B0BFZNZMN2?tag=pcbuilder00-20
49.99,NZXT,RC-TR120-W1,https://amazon.com/dp/B0BFZLJR6P?tag=pcbuilder00-20
59.99,NZXT,RC-TN120-W1,https://amazon.com/dp/B0BG1F28GW?tag=pcbuilder00-20
89.99,NZXT,Kraken 120,https://amazon.com/dp/B09GKQ4KYP?tag=pcbuilder00-20
105.67,NZXT,Kraken M22,https://amazon.com/dp/B079JF6NDC?tag=pcbuilder00-20
123.99,NZXT,Kraken X53,https://amazon.com/dp/B082DYR131?tag=pcbuilder00-20
129,NZXT,Kraken X53 RGB,https://amazon.com/dp/B08MB5WDB2?tag=pcbuilder00-20
129.99,NZXT,Kraken X63,https://amazon.com/dp/B082DYR132?tag=pcbuilder00-20
139.99,NZXT,RL-KN240-B1,https://amazon.com/dp/B0BY3HNXMS?tag=pcbuilder00-20
149.99,NZXT,Kraken X53 RGB 240mm,https://amazon.com/dp/B09CWCT5T5?tag=pcbuilder00-20
159,NZXT,Kraken X63,https://amazon.com/dp/B08MB7GN6D?tag=pcbuilder00-20
159.99,NZXT,Kraken X63 RGB,https://amazon.com/dp/B09CWGWL93?tag=pcbuilder00-20
159.99,NZXT,RL-KN280-B1,https://amazon.com/dp/B0BY3HJZGD?tag=pcbuilder00-20
179.99,NZXT,RL-KR240-W1,https://amazon.com/dp/B0BY3H3TQR?tag=pcbuilder00-20
179.99,NZXT,RL-KN360-B1,https://amazon.com/dp/B0BY3J3ZPZ?tag=pcbuilder00-20
184.99,NZXT,Kraken X73,https://amazon.com/dp/B082DYKB1F?tag=pcbuilder00-20
199.99,NZXT,RL-KR280-W1,https://amazon.com/dp/B0BY3H8CXB?tag=pcbuilder00-20
219.99,NZXT,Kraken Z53 RGB,https://amazon.com/dp/B09GKP2Q2H?tag=pcbuilder00-20
219.99,NZXT,RL-KR360-W1,https://amazon.com/dp/B0BY3GTG48?tag=pcbuilder00-20
219.99,NZXT,RL-KR360-B1,https://amazon.com/dp/B0BY3FD274?tag=pcbuilder00-20
222.99,NZXT,Kraken Z63,https://amazon.com/dp/B082DYSQVF?tag=pcbuilder00-20
224.99,NZXT,Kraken X73 RGB,https://amazon.com/dp/B09CW9NC51?tag=pcbuilder00-20
225.97,NZXT,Kraken X73,https://amazon.com/dp/B08MB7WQW9?tag=pcbuilder00-20
229,NZXT,Kraken Z53 RGB,https://amazon.com/dp/B09GKTJKC7?tag=pcbuilder00-20
249.99,NZXT,Kraken Z73,https://amazon.com/dp/B082DYPF57?tag=pcbuilder00-20
249.99,NZXT,RL-KN28E-B1,https://amazon.com/dp/B0BY3HCFDB?tag=pcbuilder00-20
259,NZXT,Kraken Z63 RGB,https://amazon.com/dp/B09GKPZ8YS?tag=pcbuilder00-20
259.99,NZXT,RL-KR24E-B1,https://amazon.com/dp/B0BY3F9VSL?tag=pcbuilder00-20
263.49,NZXT,Kraken Z63 RGB,https://amazon.com/dp/B09GKR95F9?tag=pcbuilder00-20
269.99,NZXT,RL-KR28E-W1,https://amazon.com/dp/B0BY3GMN2V?tag=pcbuilder00-20
269.99,NZXT,RL-KR28E-B1,https://amazon.com/dp/B0BY3H94B7?tag=pcbuilder00-20
273.11,NZXT,Kraken Z53,https://amazon.com/dp/B08MB4YPK3?tag=pcbuilder00-20
279.99,NZXT,RL-KN36E-B1,https://amazon.com/dp/B0BY3JPVZY?tag=pcbuilder00-20
290.99,NZXT,Kraken Z73 RGB,https://amazon.com/dp/B09GKQJK5P?tag=pcbuilder00-20
299.99,NZXT,RL-KR36E-W1,https://amazon.com/dp/B0BY3HCW17?tag=pcbuilder00-20
299.99,NZXT,RL-KR36E-B1,https://amazon.com/dp/B0BY3HMXD4?tag=pcbuilder00-20
303,NZXT,Kraken Z73 RGB,https://amazon.com/dp/B09GKPTYG6?tag=pcbuilder00-20
54.99,Phanteks,PH-TC14PE_BK,https://amazon.com/dp/B007ZZE63A?tag=pcbuilder00-20
72.36,Phanteks,PH-TC14PE,https://amazon.com/dp/B005OREE38?tag=pcbuilder00-20
94.26,Phanteks,PH-TC12LS,https://amazon.com/dp/B00QJI75AA?tag=pcbuilder00-20
149.99,Phanteks,Glacier One 240MPH,https://amazon.com/dp/B09MCDFSXL?tag=pcbuilder00-20
159.99,Phanteks,Glacier One 280MPH,https://amazon.com/dp/B09MCG5VJ6?tag=pcbuilder00-20
166.99,Phanteks,Glacier One 240T30,https://amazon.com/dp/B09B2KBSH3?tag=pcbuilder00-20
189.99,Phanteks,Glacier One 240 T30 Gen2,https://amazon.com/dp/B0BXRLBKP1?tag=pcbuilder00-20
199.99,Phanteks,Glacier One 360MPH,https://amazon.com/dp/B09MCG3DVY?tag=pcbuilder00-20
200.99,Phanteks,P-GO360MPH_DWT01,https://amazon.com/dp/B095XQC8VS?tag=pcbuilder00-20
214.58,Phanteks,PH-GO360MP_DBK01,https://amazon.com/dp/B0819MGLQM?tag=pcbuilder00-20
259.99,Phanteks,PH-GO360T30_DAG02,https://amazon.com/dp/B0BXH3L1VW?tag=pcbuilder00-20
120,Prolima Tech,Genesis,https://amazon.com/dp/B004O28OTE?tag=pcbuilder00-20
57.86,Prolimatech,FBA_4711552410235,https://amazon.com/dp/B003OPW3W6?tag=pcbuilder00-20
35.6,Raijintek,0R100010,https://amazon.com/dp/B00LM6VDL6?tag=pcbuilder00-20
59.95,Raijintek,0R10B00091,https://amazon.com/dp/B07JFC18WZ?tag=pcbuilder00-20
70.77,Raijintek,JUNO-X,https://amazon.com/dp/B0734Z1GT6?tag=pcbuilder00-20
74.99,Raijintek,0P105246,https://amazon.com/dp/B00GOVA3XI?tag=pcbuilder00-20
75.25,Raijintek,0R10B00096,https://amazon.com/dp/B07NQ1M1N6?tag=pcbuilder00-20
78.85,Raijintek,0R10B00094,https://amazon.com/dp/B07M8DW57X?tag=pcbuilder00-20
78.99,Raijintek,0R10B00102,https://amazon.com/dp/B07NW8XWTV?tag=pcbuilder00-20
80,Raijintek,0R10B00174,https://amazon.com/dp/B0846MCPPB?tag=pcbuilder00-20
82.79,Raijintek,0P105245,https://amazon.com/dp/B00QMZIPWC?tag=pcbuilder00-20
89.99,Raijintek,0R10B00090,https://amazon.com/dp/B07JG7LN2T?tag=pcbuilder00-20
139.9,Raijintek,0R10B00103,https://amazon.com/dp/B07NW9L9MZ?tag=pcbuilder00-20
225.95,Razer,RC21-01770100-R3M1,https://amazon.com/dp/B09P1ZGP47?tag=pcbuilder00-20
291.99,Razer,RC21-01770200-R3M1,https://amazon.com/dp/B09P27JN4C?tag=pcbuilder00-20
53.6,Reeven,RC-1204,https://amazon.com/dp/B0752THQ73?tag=pcbuilder00-20
59.99,Rosewill,RCX-ZAIO-92,https://amazon.com/dp/B004PLSENU?tag=pcbuilder00-20
49.99,SCYTHE,Shuriken 3 Rev.B,https://amazon.com/dp/B09SH4R8VV?tag=pcbuilder00-20
56.99,SCYTHE,Mugen 5S,https://amazon.com/dp/B09MVH1HK4?tag=pcbuilder00-20
58.99,SCYTHE,SCMG-5200BE,https://amazon.com/dp/B0B3WV3NF6?tag=pcbuilder00-20
59.3,SCYTHE,SCMGD-1000,https://amazon.com/dp/B00KNNRR7I?tag=pcbuilder00-20
65.99,SCYTHE,Fuma 2 Rev.B,https://amazon.com/dp/B09NZGH4RD?tag=pcbuilder00-20
103.64,Scythe,SCASR-1000,https://amazon.com/dp/B00B7DDDL2?tag=pcbuilder00-20
107.43,Scythe,Kabuto 3,https://amazon.com/dp/B01ER2A6E6?tag=pcbuilder00-20
109.99,SCYTHE,Ninja 5,https://amazon.com/dp/B079X3DBH8?tag=pcbuilder00-20
19.95,SilenX,EFZ-92HA2,https://amazon.com/dp/B006A9ZUNM?tag=pcbuilder00-20
19.95,SilenX,EFZ-100HA2,https://amazon.com/dp/B005Z1QHA6?tag=pcbuilder00-20
31.09,SilenX,EFZ-80HA3,https://amazon.com/dp/B005Z1QG2K?tag=pcbuilder00-20
37.04,SilenX,EFZ-92HA3,https://amazon.com/dp/B005Z1QGNO?tag=pcbuilder00-20
18.99,SilverStone Technology,RL-NT09-115X,https://amazon.com/dp/B01BVC8IVS?tag=pcbuilder00-20
19,SilverStone Technology,SST-NT07-115X-USA,https://amazon.com/dp/B07QQ3SV8K?tag=pcbuilder00-20
29.89,SilverStone Technology,NT07-AM2,https://amazon.com/dp/B001NPEBL0?tag=pcbuilder00-20
30.7,SilverStone Technology,NT07-115X,https://amazon.com/dp/B00K8PLRMM?tag=pcbuilder00-20
32.99,SilverStone Technology,SST-AR12-RGB,https://amazon.com/dp/B085VLHKNJ?tag=pcbuilder00-20
32.99,SilverStone Technology,AR10,https://amazon.com/dp/B01NBNG5IZ?tag=pcbuilder00-20
34.99,SilverStone Technology,Krypton KR02,https://amazon.com/dp/B07S6CYK7Y?tag=pcbuilder00-20
38.99,SilverStone Technology,AR08,https://amazon.com/dp/B01BVC8J1W?tag=pcbuilder00-20
39.65,SilverStone Technology,AR06,https://amazon.com/dp/B00N4OBH92?tag=pcbuilder00-20
39.98,SilverStone Technology,AR01,https://amazon.com/dp/B00CGYP3FA?tag=pcbuilder00-20
40.99,SilverStone Technology,AR09-115XP,https://amazon.com/dp/B01N1V54GZ?tag=pcbuilder00-20
42.02,SilverStone Technology,Krypton KR01,https://amazon.com/dp/B07G4TRNLS?tag=pcbuilder00-20
42.51,SilverStone Technology,AR04,https://amazon.com/dp/B00GLM6EWY?tag=pcbuilder00-20
43.11,SilverStone Technology,SST-AR11,https://amazon.com/dp/B07CK1RNQ2?tag=pcbuilder00-20
44.69,SilverStone Technology,AR08 V2,https://amazon.com/dp/B0722KC8TX?tag=pcbuilder00-20
46.43,SilverStone Technology,AR05,https://amazon.com/dp/B00N4OBHCE?tag=pcbuilder00-20
46.99,SilverStone Technology,AR10-115XS,https://amazon.com/dp/B01N0TNFY8?tag=pcbuilder00-20
48.01,SilverStone Technology,AR09-115XS,https://amazon.com/dp/B01N0TNDK7?tag=pcbuilder00-20
54.99,SilverStone Technology,SST-HYH90-ARGB,https://amazon.com/dp/B0B2GJXZ4S?tag=pcbuilder00-20
79.64,SilverStone Technology,SST-HYD120-ARGB-V2,https://amazon.com/dp/B0BCV5Z32K?tag=pcbuilder00-20
84,SilverStone Technology,90154,https://amazon.com/dp/B0722KC7BD?tag=pcbuilder00-20
92.25,SilverStone Technology,F240 ARGB,https://amazon.com/dp/B07YP5PYKW?tag=pcbuilder00-20
110.99,SilverStone Technology,SST-VD120-SLIM,https://amazon.com/dp/B0BFCDCB6B?tag=pcbuilder00-20
119.76,SilverStone Technology,SST-HYD120-ARGB,https://amazon.com/dp/B08WWRS9GD?tag=pcbuilder00-20
126.99,SilverStone Technology,SST-VD240-SLIM,https://amazon.com/dp/B0BFCHZ1VP?tag=pcbuilder00-20
154.71,SilverStone Technology,SST-IG280-ARGB,https://amazon.com/dp/B08LR2CX48?tag=pcbuilder00-20
183.84,SilverStone Technology,SST-IG240P-ARGB,https://amazon.com/dp/B08KTGRDSD?tag=pcbuilder00-20
199.18,SilverStone Technology,SST-IG360-ARGB,https://amazon.com/dp/B08KTG7VVH?tag=pcbuilder00-20
14.95,StarTech,FAN775E,https://amazon.com/dp/B000RLH2GW?tag=pcbuilder00-20
26.87,StarTech,FAN1156PWM,https://amazon.com/dp/B006K25OE4?tag=pcbuilder00-20
105.99,TEAMGROUP,TB120602,https://amazon.com/dp/B09MTHZM4R?tag=pcbuilder00-20
105.99,TEAMGROUP,TB120502,https://amazon.com/dp/B09MTJB7BR?tag=pcbuilder00-20
124.99,TEAMGROUP,TB130602,https://amazon.com/dp/B09Z28L36X?tag=pcbuilder00-20
17.42,Thermalright,AX120 SE ARGB WHITE-D2,https://amazon.com/dp/B09S34899X?tag=pcbuilder00-20
17.9,Thermalright,AX90SE,https://amazon.com/dp/B0BNHQB85D?tag=pcbuilder00-20
19.9,Thermalright,AX120 Refined SE,https://amazon.com/dp/B09LHBFPJ6?tag=pcbuilder00-20
20.9,Thermalright,AK120 SE-d6,https://amazon.com/dp/B09YY5LQV9?tag=pcbuilder00-20
20.9,Thermalright,AK120 SE ARGB-d6,https://amazon.com/dp/B0B1H1B9TV?tag=pcbuilder00-20
21.9,Thermalright,AK120 SE WHITE ARGB-D6-2,https://amazon.com/dp/B0B7CZJGY7?tag=pcbuilder00-20
22.9,Thermalright,AXP-90 X47,https://amazon.com/dp/B09CGXPVC1?tag=pcbuilder00-20
22.9,Thermalright,Assassin X120 Refined SE,https://amazon.com/dp/B09LHLS4V4?tag=pcbuilder00-20
23,Thermalright,AXP90 X53,https://amazon.com/dp/B08S6XM69Q?tag=pcbuilder00-20
26.9,Thermalright,SI-100 BLACK,https://amazon.com/dp/B0BT9PQHRF?tag=pcbuilder00-20
29.9,Thermalright,AXP90 X36,https://amazon.com/dp/B097DTVFQQ?tag=pcbuilder00-20
29.9,Thermalright,TA140 EX,https://amazon.com/dp/B097DSMXH9?tag=pcbuilder00-20
29.9,Thermalright,Assassin King 90-D3,https://amazon.com/dp/B09NPTK38Z?tag=pcbuilder00-20
29.9,Thermalright,BA120,https://amazon.com/dp/B09XX5K7RR?tag=pcbuilder00-20
29.9,Thermalright,SS110 WHITE,https://amazon.com/dp/B09KZQFJWG?tag=pcbuilder00-20
30.9,Thermalright,AXP120-X67 WHITE ARGB 1700-d2,https://amazon.com/dp/B09ZL6CRCD?tag=pcbuilder00-20
33.9,Thermalright,BA120 ARGB-D3-2,https://amazon.com/dp/B09NXF7SCC?tag=pcbuilder00-20
34.9,Thermalright,SS 135 White-1700-d3,https://amazon.com/dp/B09TZR2TW6?tag=pcbuilder00-20
34.9,Thermalright,AXP120-X67 BLACK ARGB 1700-d2,https://amazon.com/dp/B0B1DHVJG8?tag=pcbuilder00-20
36.9,Thermalright,AXP90-X47 White,https://amazon.com/dp/B097DWR23Q?tag=pcbuilder00-20
36.9,Thermalright,AXP90 X47 BLACK,https://amazon.com/dp/B097DTKLRC?tag=pcbuilder00-20
38.9,Thermalright,PA120 SE WHITE ARGB 1700-D2,https://amazon.com/dp/B09P4KH7QK?tag=pcbuilder00-20
40.9,Thermalright,FT120,https://amazon.com/dp/B0BR84PRP8?tag=pcbuilder00-20
41.3,Thermalright,LM-PA 120,https://amazon.com/dp/B08S77DVDS?tag=pcbuilder00-20
41.9,Thermalright,AXP-90 X47 FULL Cooper,https://amazon.com/dp/B09CGXBL8L?tag=pcbuilder00-20
42.9,Thermalright,PS120SE,https://amazon.com/dp/B0BNH1W546?tag=pcbuilder00-20
42.99,Thermalright,TS-140D,https://amazon.com/dp/B01MQCK1PJ?tag=pcbuilder00-20
45.9,Thermalright,SS110 BLACK,https://amazon.com/dp/B09MVKFTDM?tag=pcbuilder00-20
49.9,Thermalright,Peerless Assassin 120 White ARGB,https://amazon.com/dp/B0B87WZYPR?tag=pcbuilder00-20
49.99,Thermalright,ARO-M14G,https://amazon.com/dp/B07C3KSHZR?tag=pcbuilder00-20
50.9,Thermalright,Peerless Assassin 120 White,https://amazon.com/dp/B0B87XLHWT?tag=pcbuilder00-20
51.89,Thermalright,PA120 WHITE,https://amazon.com/dp/B09CM2Z22K?tag=pcbuilder00-20
51.89,Thermalright,Peerless Assassin 120,https://amazon.com/dp/B09CM2224K?tag=pcbuilder00-20
54.11,Thermalright,Peerless Assassin 120,https://amazon.com/dp/B08XLWLSHK?tag=pcbuilder00-20
54.49,Thermalright,FC140-D2,https://amazon.com/dp/B09P35NQXS?tag=pcbuilder00-20
54.9,Thermalright,Silver Soul 135 BLACK-D2,https://amazon.com/dp/B09M3HTQ8B?tag=pcbuilder00-20
56.89,Thermalright,FC140 White-d3,https://amazon.com/dp/B09T6S8KDH?tag=pcbuilder00-20
61.49,Thermalright,FC140,https://amazon.com/dp/B09CGY69RP?tag=pcbuilder00-20
63.9,Thermalright,PA120 SE,https://amazon.com/dp/B09LGY38L4?tag=pcbuilder00-20
76.06,Thermalright,Macho Direct,https://amazon.com/dp/B019CRDELS?tag=pcbuilder00-20
79.14,Thermalright,Macho Rev.B,https://amazon.com/dp/B00PKJ21LW?tag=pcbuilder00-20
79.99,Thermalright,Le Grand Macho RT,https://amazon.com/dp/B01BCLXO7Q?tag=pcbuilder00-20
79.99,Thermalright,SILVER ARROW 130,https://amazon.com/dp/B07TFX446Y?tag=pcbuilder00-20
79.99,Thermalright,SilverArrow T8,https://amazon.com/dp/B07NDXLT6T?tag=pcbuilder00-20
89.99,Thermalright,Silver Arrow TR4,https://amazon.com/dp/B07FFT9YSN?tag=pcbuilder00-20
95.25,Thermalright,ARO-M14O,https://amazon.com/dp/B07C3N1D6J?tag=pcbuilder00-20
95.6,Thermalright,AXP-100 Full Copper,https://amazon.com/dp/B07HFF29TK?tag=pcbuilder00-20
123,Thermalright,AXP-200 Muscle,https://amazon.com/dp/B00ICXH8XY?tag=pcbuilder00-20
127,Thermalright,AXP-100RH,https://amazon.com/dp/B01N188QIS?tag=pcbuilder00-20
11.99,Thermaltake,Gravity i2,https://amazon.com/dp/B00O4UIZ86?tag=pcbuilder00-20
13.99,Thermaltake,UX100,https://amazon.com/dp/B07WW26KV7?tag=pcbuilder00-20
14.99,Thermaltake,Gravity i3,https://amazon.com/dp/B09XGHQVFJ?tag=pcbuilder00-20
14.99,Thermaltake,CLP0556,https://amazon.com/dp/B002RWJGI6?tag=pcbuilder00-20
14.99,Thermaltake,Gravity A2,https://amazon.com/dp/B08T1NMSVX?tag=pcbuilder00-20
19.99,Thermaltake,Contac Silent 12,https://amazon.com/dp/B06X9Q1K88?tag=pcbuilder00-20
24.99,Thermaltake,CLP0552,https://amazon.com/dp/B002OJTJIY?tag=pcbuilder00-20
24.99,Thermaltake,A4021,https://amazon.com/dp/B000EMYF4G?tag=pcbuilder00-20
29.99,Thermaltake,CL-P074-AL12BL-A,https://amazon.com/dp/B08XN7HFCF?tag=pcbuilder00-20
29.99,Thermaltake,UX200 SE 5V,https://amazon.com/dp/B09XFKW431?tag=pcbuilder00-20
29.99,Thermaltake,UX200 ARGB,https://amazon.com/dp/B07WTXSVGR?tag=pcbuilder00-20
32.95,Thermaltake,CL-P0187,https://amazon.com/dp/B0009FV5PK?tag=pcbuilder00-20
32.99,Thermaltake,TOUGHAIR 110,https://amazon.com/dp/B08XN5FKLQ?tag=pcbuilder00-20
35.1,Thermaltake,Frio Silent 12,https://amazon.com/dp/B00TUKLAHI?tag=pcbuilder00-20
39.99,Thermaltake,Frio Silent 14,https://amazon.com/dp/B00UAZ6CHK?tag=pcbuilder00-20
44.99,Thermaltake,CL-P022-AL12RE-A,https://amazon.com/dp/B01EZV36EQ?tag=pcbuilder00-20
44.99,Thermaltake,CL-P075-AL12RG-A,https://amazon.com/dp/B09TNBNY3Z?tag=pcbuilder00-20
48.79,Thermaltake,CL-P075-AL12TQ-A,https://amazon.com/dp/B09TN6KV4P?tag=pcbuilder00-20
49.99,Thermaltake,CL-P079-CA12SW-A,https://amazon.com/dp/B08WNWHFXX?tag=pcbuilder00-20
52.76,Thermaltake,CL-P052-AL12SW-A,https://amazon.com/dp/B07CQCR584?tag=pcbuilder00-20
59.99,Thermaltake,CL-P075-AL12BL-A,https://amazon.com/dp/B08XN6LLJG?tag=pcbuilder00-20
69.99,Thermaltake,P0401,https://amazon.com/dp/B000PTIX50?tag=pcbuilder00-20
74.99,Thermaltake,CLP0587,https://amazon.com/dp/B007UIX1RY?tag=pcbuilder00-20
78.99,Thermaltake,TH120,https://amazon.com/dp/B09LXCSF4Z?tag=pcbuilder00-20
83.19,Thermaltake,TH120 ARGB Sync,https://amazon.com/dp/B088R143R6?tag=pcbuilder00-20
99.99,Thermaltake,TH240 ARGB Sync,https://amazon.com/dp/B088LMBTQZ?tag=pcbuilder00-20
105,Thermaltake,TH240,https://amazon.com/dp/B08NF7P4GG?tag=pcbuilder00-20
109.99,Thermaltake,CL-W369-PL14SW-A,https://amazon.com/dp/B0BV893KCX?tag=pcbuilder00-20
119.99,Thermaltake,CL-W319-PL12BL-A,https://amazon.com/dp/B0942P41QS?tag=pcbuilder00-20
124.99,Thermaltake,Floe Riing RGB 240 TT Premium Edition,https://amazon.com/dp/B074SD6LH3?tag=pcbuilder00-20
126.91,Thermaltake,Floe Dual Riing,https://amazon.com/dp/B074ZQXBBM?tag=pcbuilder00-20
129.99,Thermaltake,TH360,https://amazon.com/dp/B08D4QGDMD?tag=pcbuilder00-20
132.9,Thermaltake,CL-W138-PL14SW-A,https://amazon.com/dp/B071D4K96C?tag=pcbuilder00-20
139.99,Thermaltake,CL-W321-PL12BL-A,https://amazon.com/dp/B09436YBNX?tag=pcbuilder00-20
139.99,Thermaltake,Water 3.0 240 ARGB Sync,https://amazon.com/dp/B07N17HZN2?tag=pcbuilder00-20
139.99,Thermaltake,CL-W367-PL14SW-A,https://amazon.com/dp/B0BV86C3FN?tag=pcbuilder00-20
146.09,Thermaltake,CL-W320-PL14BL-A,https://amazon.com/dp/B097PY58RV?tag=pcbuilder00-20
152.27,Thermaltake,Floe DX 240,https://amazon.com/dp/B07VL7F7DF?tag=pcbuilder00-20
170.41,Thermaltake,Floe DX 280,https://amazon.com/dp/B07WCN8M3W?tag=pcbuilder00-20
179.99,Thermaltake,Water 3.0 360 ARGB Sync Edition,https://amazon.com/dp/B07N9K44Y8?tag=pcbuilder00-20
183,Thermaltake,TH360,https://amazon.com/dp/B08NF5NY9Q?tag=pcbuilder00-20
183.39,Thermaltake,CL-W322-PL12GM-B,https://amazon.com/dp/B09FSM4B51?tag=pcbuilder00-20
199.99,Thermaltake,CL-W323-PL12GM-B,https://amazon.com/dp/B09FS3Y1GS?tag=pcbuilder00-20
199.99,Thermaltake,CL-W374-PL14BL-A,https://amazon.com/dp/B0BV8FD8NY?tag=pcbuilder00-20
199.99,Thermaltake,Floe Riing RGB 360 TT Premium Edition,https://amazon.com/dp/B07537Q8LV?tag=pcbuilder00-20
213.69,Thermaltake,Floe DX 360,https://amazon.com/dp/B07WF72JZT?tag=pcbuilder00-20
229.99,Thermaltake,CL-W371-PL14SW-A,https://amazon.com/dp/B0BV8S5413?tag=pcbuilder00-20
249.99,Thermaltake,CL-W366-PL14BL-A,https://amazon.com/dp/B0BV8HGKRS?tag=pcbuilder00-20
249.99,Thermaltake,Floe Riing RGB 360 TR4 Edition,https://amazon.com/dp/B07RBR8BRW?tag=pcbuilder00-20
279.99,Thermaltake,CL-W370-PL14SW-A,https://amazon.com/dp/B0BV8QHSS7?tag=pcbuilder00-20
39.26,TITAN,TTC-NC85TZ(RB),https://amazon.com/dp/B00HWICMS6?tag=pcbuilder00-20
39.77,Titan,TTC-NC95TZ,https://amazon.com/dp/B00HWICE6G?tag=pcbuilder00-20
17.99,Toptekits,i50,https://amazon.com/dp/B07QNP4V84?tag=pcbuilder00-20
19.99,Toptekits,i70,https://amazon.com/dp/B07QNN9MW3?tag=pcbuilder00-20
19.98,upHere,C92,https://amazon.com/dp/B01IVQYDB6?tag=pcbuilder00-20
34.99,Vetroo,V5 White,https://amazon.com/dp/B08F2FS7SR?tag=pcbuilder00-20
34.99,Vetroo,V5,https://amazon.com/dp/B09XH8WQD9?tag=pcbuilder00-20
34.99,Vetroo,V5,https://amazon.com/dp/B08F21X2VP?tag=pcbuilder00-20
59.99,Vetroo,U6PRO,https://amazon.com/dp/B09GTN6ZRR?tag=pcbuilder00-20
59.99,Vetroo,U6PRO,https://amazon.com/dp/B0B1LQZ25L?tag=pcbuilder00-20
79.99,Vetroo,VT-AIO-V240-BK,https://amazon.com/dp/B08L8PQ3ZF?tag=pcbuilder00-20
84.99,Vetroo,V240,https://amazon.com/dp/B08L8PSMDS?tag=pcbuilder00-20
99.99,Vetroo,V360,https://amazon.com/dp/B08L8NLD4D?tag=pcbuilder00-20
109.99,Vetroo,V360 White Liquid,https://amazon.com/dp/B08L8MM6G5?tag=pcbuilder00-20
35,Xigmatek,GAIA SD1283,https://amazon.com/dp/B006ICA49G?tag=pcbuilder00-20
49,Xigmatek,HDT D1284,https://amazon.com/dp/B002AS9VQ4?tag=pcbuilder00-20
116,XPG,XPG LEVANTE 240,https://amazon.com/dp/B07ZTYVSGN?tag=pcbuilder00-20
167.89,XPG,Levante 360,https://amazon.com/dp/B08RVW5YYN?tag=pcbuilder00-20
9.99,Zalman,CNPS2X,https://amazon.com/dp/B00DKTOZTU?tag=pcbuilder00-20
19.99,Zalman,CNPS8900 Quiet,https://amazon.com/dp/B0077POH8M?tag=pcbuilder00-20
24.99,Zalman,CNPS 8X Optima,https://amazon.com/dp/B017EVR67W?tag=pcbuilder00-20
25.4,Zalman,CNPS7000V-AL(PWM),https://amazon.com/dp/B004QS0LB0?tag=pcbuilder00-20
29.99,Zalman,CNPS9500AT,https://amazon.com/dp/B000HKDA0U?tag=pcbuilder00-20
29.99,Zalman,CNPS9500A LED,https://amazon.com/dp/B000C0V5RU?tag=pcbuilder00-20
29.99,Zalman,CNPS10X PErforma,https://amazon.com/dp/B0988459ZW?tag=pcbuilder00-20
32.99,Zalman,CNPS10X PErforma,https://amazon.com/dp/B09888CB92?tag=pcbuilder00-20
43.78,Zalman,CNPS10X-BLK,https://amazon.com/dp/B084ZX4ZSQ?tag=pcbuilder00-20
47.06,Zalman,CNPS 10X,https://amazon.com/dp/B084ZXD7BH?tag=pcbuilder00-20
59.99,Zalman,CNPS 17x,https://amazon.com/dp/B084ZX3SYC?tag=pcbuilder00-20
79.99,Zalman,CNPS 20x,https://amazon.com/dp/B084ZWZXKX?tag=pcbuilder00-20
39.99,ZEUS GAMDIAS,BOREAS E1-410,https://amazon.com/dp/B08WWKRWHN?tag=pcbuilder00-20
79.99,ZEUS GAMDIAS,GD-CHIONE M2-240R,https://amazon.com/dp/B08C7FMCPY?tag=pcbuilder00-20
